No Faqs find.,No Faqs find.
FAQs,FAQs
Click on the Faq's topic:,Click on the Faq's topic:
View all topics,View all topics
Search Faq's:,Search Faq's:
Search,Search
Ask a Question,Ask a Question
Name,Name
Email,Email
Question ?,Question ?
Security Code Message:,Security Code Message:
If you have difficulty in reading the image above then refresh your browser a few times until you see an image that is clear enough to copy.,If you have difficulty in reading the image above then refresh your browser a few times until you see an image that is clear enough to copy.
Submit,Submit
Ask Question,Ask Question
No Faqs Found in this topic!,No Faqs Found in this topic!
Product FAQs,Product FAQs
Loading...,Loading...
Ask a Question,Ask a Question
FAQs Search Result,FAQs Search Result
No Faq Found!,No Faq Found!
FAQ's Categories,FAQ's Categories
No Category find yet!,No Category find yet!
Go to Home Page,Go to Home Page
Home,Home
Please Enter your Name.,Please Enter your Name.
Please Enter a valid Email Address.,Please Enter a valid Email Address.
Please ask some thing.,Please ask some thing.
Please Enter verification text.,Please Enter verification text.
Sorry The Security Code You Entered Was Incorrect.,Sorry The Security Code You Entered Was Incorrect.
There is some issue try again later.,There is some issue try again later.
Question,Question
Status,Status
Enabled,Enabled
Disabled,Disabled
Question Type,Question Type
General Question,General Question
Product Question,Product Question
Add in Topic,Add in Topic
Answer,Answer
Faqs Management,Faqs Management
Faq Information,Faq Information
Apply to Products,Apply to Products
Save Faq,Save Faq
Delete Faq,Delete Faq
Add Faq,Add Faq
Title,Title
SEO URL Identifier,SEO URL Identifier
Store View,Store View
Sort Order,Sort Order
Topics Management,Topics Management
Topic Information,Topic Information
Save Topic,Save Topic
Delete Topic,Delete Topic
Add Topic,Add Topic
Faqs Management,Faqs Management
Add New Faq,Add New Faq
Add New Topic,Add New Topic
Manage Faqs,Manage Faqs
Faq does not exist,Faq does not exist
Faq was successfully saved,Faq was successfully saved
Faq was successfully deleted,Faq was successfully deleted
Please select Faq(s),Please select Faq(s)
Manage Topics,Manage Topics
Topic was successfully saved,Topic was successfully saved
Topic was successfully deleted,Topic was successfully deleted
Please select Topic(s),Please select Topic(s)
Manage Faq Topics,Manage Faq Topics
Manage Faqs,Manage Faqs
